old_url,destination,confidence,status,reason
/science/2026-* (71 entries),(removed from _redirects),n/a,removed-for-capacity,"public/_redirects has a hard ~107-rule ceiling on live Cloudflare Pages (confirmed empirically against production, not just docs — see PR description). These 71 internal science-slug redirects from the prior slug-rename PR were removed entirely to make room for the historical WordPress URLs below, which have real external backlinks the science slugs (renamed days ago) don't."
/my-account/lost-password,/,high,redirected,"WP account page, same bucket as other already-redirected account URLs"
/feeds/news,/news,medium,redirected,"Old WP RSS endpoint; nearest real section (not /science/rss.xml, which is evidence-library-specific, not general news)"
/newsfeeds,/news,medium,redirected,"Likely an old feed-listing page"
/sitemap.html,,low,skipped,"Old human-readable sitemap page; no equivalent — cut to stay under the ~100-rule cap, 404 page's search handles it"
/author/vishalgupta/page/2,/press,medium,redirected,"Paginated author archive"
/category/news/page/2,/news,medium,redirected,"Paginated category archive"
/news-events/page/2,/news,medium,redirected,"Paginated archive"
/author/avi,/press,medium,redirected,"Author archive of AVI's own authored content"
/author/aviteam,/press,medium,redirected,"Same"
/author/editor,/press,medium,redirected,"Same"
/author/nestcraft,,low,skipped,"Likely a dev/agency account, not a real author — cut to stay under the ~100-rule cap"
/author/samrat,/press,medium,redirected,"Samrat Chowdhery's authored posts"
/author/vishalgupta,/press,medium,redirected,"Same pattern"
/category/general,/news,medium,redirected,"Generic news category"
/category/latest-news,/news,high,redirected,"Direct match"
/category/news,/news,high,redirected,"Direct match"
/news-category/avi-in-news,/press,high,redirected,"AVI's own press mentions"
/news-category/vape-news,/news,high,redirected,"General vape news archive"
/tag/delhi-high-court,/litigation,high,redirected,"Litigation topic tag"
/tag/e-cigarettes-policy,/policy,high,redirected,"Policy topic tag"
/tag/india,/india,high,redirected,"India hub"
/tag/tobacco,,low,skipped,"Too generic to pick a single section confidently; cut to stay under Cloudflare's ~100-rule redirect-status cap (see PR notes) — the new 404 page's search handles this instead"
/tag/vaping,,low,skipped,"Same — generic topic tag, cut for the same rule-budget reason"
/a-history-of-tobacco,/india,medium,redirected,"Closest topical fit (India tobacco context)"
/avi-events,/campaigns,high,redirected,"Events = campaigns"
/bill,/india/law,medium,redirected,"Likely about the PECA bill"
/blog,/news,medium,redirected,"No blog section exists; closest 'latest content'"
/contact,/press,high,redirected,"Matches existing /contact-us/ -> /press/ convention already in the file"
/delhihc,/litigation,high,redirected,"Delhi High Court shorthand"
/history-of-avi,/about,high,redirected,"Direct match"
/information-for-govt,/policy,high,redirected,"For Policymakers page"
/legal,/litigation,high,redirected,"Matches existing /india/legal/ -> /litigation/ convention"
/mythbusters,/science,medium,redirected,"Evidence/mythbusting content"
/publications,/science,medium,redirected,"Research publications"
/research-studies-e-cigarettes,/science,high,redirected,"Direct match"
/situation-in-india,/india,high,redirected,"Direct match"
/smokers,/quit,high,redirected,"'If you smoke' page"
/surveys,/science,low,redirected,"Possibly a defunct engagement feature, not confident"
/vapers,/testimonials,high,redirected,"Vaper stories"
/vapers-stories,/testimonials,high,redirected,"Direct match"
/wvd,/campaigns,high,redirected,"World Vape Day shorthand — campaigns page covers this"
/terms-and-conditions,/,high,redirected,"Spelling variant of /terms-conditions/, already decided (no equivalent, sent home) in the existing file"
/,, ,already-correct,"Resolves correctly on the new site at the same path"
/about,, ,already-correct,"Resolves correctly on the new site at the same path"
/india,, ,already-correct,"Resolves correctly on the new site at the same path"
/india/rti-replies,, ,already-correct,"Resolves correctly on the new site at the same path"
/media,, ,already-correct,"Resolves correctly on the new site at the same path"
/press,, ,already-correct,"Resolves correctly on the new site at the same path"
/testimonials,, ,already-correct,"Resolves correctly on the new site at the same path"
/wp-admin,,,skipped,"WordPress internal, no content equivalent — let 404 handle it"
/wp-admin/admin-ajax.php,,,skipped,"WordPress internal"
/wp-admin/authorize-application.php,,,skipped,"WordPress internal"
/wp-login.php,,,skipped,"WordPress internal"
/wp-includes/css/dist/block-library/style.min.css,,,skipped,"WordPress asset, not a page"
/wp-includes/js/wp-embed.min.js,,,skipped,"WordPress asset, not a page"
/wp-includes/js/wp-emoji-release.min.js,,,skipped,"WordPress asset, not a page"
/blocks/auto-draft,,,skipped,"Gutenberg reusable-block storage — same bucket as the 5 /blocks/* already deliberately left unredirected"
/blocks/donate-join,,,skipped,"Same"
/blocks/donors,,,skipped,"Same"
/blocks/join-donate-button,,,skipped,"Same"
/blocks/popup-personal,,,skipped,"Same"
/embed,,,skipped,"Not a real page"
/test,,,skipped,"Not a real page"
/a,,,skipped,"Not a real page"
/privacy-policy,,,NEEDS DECISION,"No privacy policy page exists anywhere on the new site — needs either a real new page or an explicit decision to drop it"
/shop,,,NEEDS DECISION,"Old WooCommerce shop URL. AVI sells nothing on the current site — likely a defunct merch experiment. Don't send to homepage without confirming that's actually wanted"
/shop/cart,,,NEEDS DECISION,"Same WooCommerce bucket as /shop"
/shop/my-account,,,NEEDS DECISION,"Same WooCommerce bucket as /shop"
/links,,,NEEDS DECISION,"Too ambiguous (could be a resources/links directory) — no confident single-section match"
/scfund,,,NEEDS DECISION,"Unclear abbreviation (possibly a specific fund/campaign name) — not enough context to map confidently"
/suggestion,,,NEEDS DECISION,"Likely an old suggestion-box page — no equivalent feature on the new site"
/vaper-registration,,,NEEDS DECISION,"Unclear whether this was a membership signup (-> /contribute/?) or something else — flagging rather than guessing"
